time_stamp;CB1;CB2;PV1;PV2;GAS1
00:15;0.08636;0.08636;0.08636;0.08636;0.08636
00:30;0.07696;0.07696;0.07696;0.07696;0.07696
00:45;0.06884;0.06884;0.06884;0.06884;0.06884
01:00;0.06244;0.06244;0.06244;0.06244;0.06244
01:15;0.05804;0.05804;0.05804;0.05804;0.05804
01:30;0.05528;0.05528;0.05528;0.05528;0.05528
01:45;0.0536;0.0536;0.0536;0.0536;0.0536
02:00;0.05244;0.05244;0.05244;0.05244;0.05244
