time_stamp;G1;G2;G3
00:15;0.08636;0.08636;0
00:30;0.07696;0.07696;0
00:45;0.06884;0.06884;0
01:00;0.06244;0.06244;0
