time_stamp;H1;H2;CB1;H3;CB2;H4
00:15;0.28636;0.28636;0.28636;0.28636;0.28636;0.28636
00:30;0.17696;0.17696;0.17696;0.17696;0.17696;0.17696
00:45;0.36884;0.36884;0.36884;0.36884;0.36884;0.36884
01:00;0.26244;0.26244;0.26244;0.26244;0.26244;0.26244
01:15;0.45804;0.45804;0.45804;0.45804;0.45804;0.45804
01:30;0.15528;0.15528;0.15528;0.15528;0.15528;0.15528
01:45;0.2536;0.2536;0.2536;0.2536;0.2536;0.2536
02:00;0.35244;0.35244;0.35244;0.35244;0.35244;0.35244
