time_stamp;G1;G2;G3
00:15;0.08636;1.5;0
00:30;0.07696;1.5;0
00:45;0.06884;1.5;0
01:00;0.06244;1.5;0
